{"data":{"cencus":{"pop":[2.557628654,2.594939877,2.636772306,2.682053389,2.730228104,2.782098943,2.835299673,2.891349717,2.948137248,3.000716593,3.043001508,3.083966929,3.140093217,3.209827882,3.281201306,3.350425793,3.420677923,3.490333715,3.562313822,3.63715905,3.712697742,3.790326948,3.866568653,3.942096442,4.016608813,4.089083233,4.16018501,4.232084578,4.304105753,4.379013942,4.451362735,4.534410125,4.614566561,4.695736743,4.774569391,4.856462699,4.940571232,5.027200492,5.114557167,5.20144011,5.288955934,5.371585922,5.456136278,5.538268316,5.618682132,5.699202985,5.779440593,5.857972543,5.935213248,6.012074922,6.088571383,6.165219247,6.242016348,6.318590956,6.395699509,6.473044732,6.551263534,6.629913759,6.70904978,6.788214394,6.858584755,6.935999491,7.013871313,7.092128094,7.169968185,7.247892788,7.334771614,7.412778971,7.49042764,7.567402977,7.643402123,7.71825683,7.792021317,7.86472537,7.936271554,8.006580553,8.075716,8.143729466,8.210559895,8.276190519,8.34060659,8.403880343,8.466094022,8.527246205,8.587325154,8.646304704,8.704239274,8.761189197,8.817138785,8.872066537,8.925949679,8.978822945,9.030723366,9.081617002,9.131462326,9.180225214,9.227935007,9.274616811,9.320232984,9.364750182,9.408141302],"year":[1950,1951,1952,1953,1954,1955,1956,1957,1958,1959,1960,1961,1962,1963,1964,1965,1966,1967,1968,1969,1970,1971,1972,1973,1974,1975,1976,1977,1978,1979,1980,1981,1982,1983,1984,1985,1986,1987,1988,1989,1990,1991,1992,1993,1994,1995,1996,1997,1998,1999,2000,2001,2002,2003,2004,2005,2006,2007,2008,2009,2010,2011,2012,2013,2014,2015,2016,2017,2018,2019,2020,2021,2022,2023,2024,2025,2026,2027,2028,2029,2030,2031,2032,2033,2034,2035,2036,2037,2038,2039,2040,2041,2042,2043,2044,2045,2046,2047,2048,2049,2050]},"maddi":{"pop":[2.544,2.571663,2.617949,2.665959,2.716927,2.769074,2.822502,2.879934,2.939254,2.995909,3.041507,3.082161,3.135787,3.201354,3.266477,3.333138,3.402224,3.471464,3.543086,3.615743,3.691157,3.769818,3.846499,3.922793,3.997677,4.070671,4.141445,4.213539,4.286317,4.363144,4.439529,4.514838,4.587307,4.676388,4.756521,4.837719,4.920968,5.006672,5.093306,5.18054,5.269029,5.351922,5.435722,5.518127,5.599396,5.681575,5.762212,5.842122,5.921366,5.999622,6.076558,6.154791,6.231704,6.308364,6.374056,6.462987,6.540214,6.616689,6.694832,6.764086],"year":[1950,1951,1952,1953,1954,1955,1956,1957,1958,1959,1960,1961,1962,1963,1964,1965,1966,1967,1968,1969,1970,1971,1972,1973,1974,1975,1976,1977,1978,1979,1980,1981,1982,1983,1984,1985,1986,1987,1988,1989,1990,1991,1992,1993,1994,1995,1996,1997,1998,1999,2000,2001,2002,2003,2004,2005,2006,2007,2008,2009]},"predictions":{"pop":[2.557629,2.609795086017046,2.6627801084636746,2.7165868949444127,2.7712178474740123,2.8266749266161773,2.882959635728213,2.9400730053511897,2.998015577786739,3.056787391903034,3.1163879682138744,3.1768162942760507,3.238070810451312,3.3001493960803003,3.3630493561166994,3.4267674082705986,3.4912996707106694,3.5566416503751683,3.6227882319420175,3.689733667508272,3.75747156702912,3.8259948895661897,3.8952959353943686,3.965366339015488,4.036197063126201,4.107778393586057,4.1800999354302455,4.253150609969671,4.326918653018959,4.401391614290715,4.476556357991755,4.552399064654251,4.628905234231651,4.706059690485947,4.783846586689346,4.862249412659616,4.941251003144471,5.020833547566145,5.100978601133041,5.1816670973207755,5.262879361720373,5.344595127246542,5.4267935506941685,5.509453230626182,5.592552226571013,5.676068079502825,5.759977833572724,5.8442580590541935,5.928884876461073,6.013833981791608,6.099080672847405,6.184599876571569,6.270366177345937,6.356353846183179,6.442536870745561,6.528888986118551,6.615383706264006,6.7019943560746205,6.788694103948545,6.875455994800685,6.962252983425109,7.049057968121355,7.1358438244961055,7.22258343935083,7.309249744565507,7.395815750888469,7.482254581542719,7.5685395055598566,7.654643970753857,7.740541636248507,7.826206404474226,7.911612452552301,7.996734262987224,8.081546653590804,8.166024806565078,8.25014429667462,8.33388111844277,8.417211712310433,8.500112989700453,8.582562356935151,8.664537737959305,8.74601759582575,8.826980952905705,8.90740740979102,8.987277162860595,9.066571020488373,9.145270417875375,9.22335743049334,9.300814786132529,9.377625875551148,9.453774761728676,9.529246187729996,9.604025583191786,9.678099069446898,9.751453463306618,9.82407627952462,9.895955731970083,9.967080733540936,10.037440894851398,10.10702652173094,10.175828611574463],"year":[2000,2001,2002,2003,2004,2005,2006,2007,2008,2009,2010,2011,2012,2013,2014,2015,2016,2017,2018,2019,2020,2021,2022,2023,2024,2025,2026,2027,2028,2029,2030,2031,2032,2033,2034,2035,2036,2037,2038,2039,2040,2041,2042,2043,2044,2045,2046,2047,2048,2049,2050,2051,2052,2053,2054,2055,2056,2057,2058,2059,2060,2061,2062,2063,2064,2065,2066,2067,2068,2069,2070,2071,2072,2073,2074,2075,2076,2077,2078,2079,2080,2081,2082,2083,2084,2085,2086,2087,2088,2089,2090,2091,2092,2093,2094,2095,2096,2097,2098,2099,2100]},"un":{"pop":[2.525149,2.572850917,2.619292068,2.665865392,2.713172027,2.761650981,2.811572031,2.863042795,2.916030167,2.970395814,3.026002942,3.082830266,3.141071531,3.201178277,3.263738832,3.329122479,3.397475247,3.468521724,3.541674891,3.616108749,3.691172616,3.766754345,3.842873611,3.919182332,3.995304922,4.071020434,4.14613585,4.220816737,4.295664825,4.371527871,4.449048798,4.528234634,4.608962418,4.69155984,4.776392828,4.863601517,4.95337671,5.045315871,5.138214688,5.23,5.320816667,5.408908724,5.49489957,5.578865109,5.661086346,5.741822412,5.82101675,5.898688337,5.975303657,6.05147801,6.127700428,6.204147026,6.280853817,6.357991749,6.435705595,6.514094605,6.593227977,6.673105937,6.753649228,6.834721933,6.916183482,6.99799876,7.080072417,7.162119434,7.243784,7.349472,7.43266328,7.758157,8.141661,8.500766,8.838908,9.157234,9.453892,9.725148,9.968809,10.18429,10.375719,10.547989,10.701653,10.836635,10.953525,11.05527,11.142461,11.213317],"year":[1950,1951,1952,1953,1954,1955,1956,1957,1958,1959,1960,1961,1962,1963,1964,1965,1966,1967,1968,1969,1970,1971,1972,1973,1974,1975,1976,1977,1978,1979,1980,1981,1982,1983,1984,1985,1986,1987,1988,1989,1990,1991,1992,1993,1994,1995,1996,1997,1998,1999,2000,2001,2002,2003,2004,2005,2006,2007,2008,2009,2010,2011,2012,2013,2014,2015,2016,2020,2025,2030,2035,2040,2045,2050,2055,2060,2065,2070,2075,2080,2085,2090,2095,2100]},"worldometer":{"pop":[2.58,2.63,2.68,2.72,2.77,2.82,2.87,2.93,2.98,3.03,3.09,3.15,3.21,3.27,3.34,3.41,3.48,3.55,3.63,3.7,3.78,3.85,3.93,4.0,4.08,4.15,4.23,4.3,4.38,4.46,4.54,4.62,4.7,4.78,4.87,4.96,5.05,5.15,5.24,5.33,5.41,5.5,5.58,5.66,5.74,5.82,5.91,5.98,6.06,6.14,6.22,6.3,6.38,6.46,6.54,6.62,6.71,6.79,6.87,6.96,7.04,7.13,7.21,7.3,7.38,7.46,7.55,7.63,7.71,7.79,7.87,7.95,8.03,8.11,8.18,8.26,8.33,8.41,8.48,8.55,8.62,8.69,8.76,8.82,8.89,8.95,9.02,9.08,9.14,9.2,9.26,9.32,9.37,9.43,9.48,9.53,9.59,9.64,9.69,9.74,9.78,9.83,9.87,9.92,9.96,10.0,10.0,10.1,10.1,10.2,10.2,10.2,10.3,10.3,10.3,10.3,10.4,10.4,10.4,10.5,10.5,10.5,10.5,10.6,10.6,10.6,10.6,10.6,10.7,10.7,10.7,10.7,10.7,10.7,10.8,10.8,10.8,10.8,10.8,10.8,10.8,10.8,10.8,10.8,10.9,10.9,10.9,10.9,10.9,10.9],"year":[1951,1952,1953,1954,1955,1956,1957,1958,1959,1960,1961,1962,1963,1964,1965,1966,1967,1968,1969,1970,1971,1972,1973,1974,1975,1976,1977,1978,1979,1980,1981,1982,1983,1984,1985,1986,1987,1988,1989,1990,1991,1992,1993,1994,1995,1996,1997,1998,1999,2000,2001,2002,2003,2004,2005,2006,2007,2008,2009,2010,2011,2012,2013,2014,2015,2016,2017,2018,2019,2020,2021,2022,2023,2024,2025,2026,2027,2028,2029,2030,2031,2032,2033,2034,2035,2036,2037,2038,2039,2040,2041,2042,2043,2044,2045,2046,2047,2048,2049,2050,2051,2052,2053,2054,2055,2056,2057,2058,2059,2060,2061,2062,2063,2064,2065,2066,2067,2068,2069,2070,2071,2072,2073,2074,2075,2076,2077,2078,2079,2080,2081,2082,2083,2084,2085,2086,2087,2088,2089,2090,2091,2092,2093,2094,2095,2096,2097,2098,2099,2100]}},